Content,Date Published,COM+,SHR,LDR,DIS,LIK,SUBL,SUBG,RETV,NEWV,AVV,UQV,APV,AVD,AVDS,VIEWS,WT,SUBG,IMP,CTR
MCAT Study 1,5/18/2024,6,4,100,0,15,0,5,435,320,1.1815,755,1.84,0:01:16,76,892,18.995,5,7820,8.38
MCAT Study 2,5/19/2024,0,0,100,0,2,0,0,63,73,1.0882,136,2.16,0:01:26,86,148,3.5507,0,3571,3.05
MCAT Study 3,5/19/2024,0,0,100,0,1,0,2,0,0,0,0,2.1,0:01:14,74,142,2.9575,2,5195,1.94
MCAT Study 4,5/19/2024,0,0,0,0,0,0,1,0,0,0,0,3.92,0:02:36,156,30,1.3054,1,2313,0.95
MCAT Study 5,5/20/2024,1,0,100,0,3,0,1,0,0,0,0,2.41,0:01:44,104,115,3.3251,1,4036,2.06
MCAT Study 6,5/20/2024,0,1,80,1,4,0,2,0,0,0,0,1.4,0:01:08,68,436,8.2855,2,7858,4.07
MCAT Study 7,5/20/2024,5,0,100,0,6,0,1,0,0,0,0,1.5,0:00:53,53,213,3.1511,1,5345,2.88
MCAT Study 8,5/21/2024,0,0,0,0,0,0,1,0,0,0,0,1.41,0:01:07,67,51,0.9595,1,2872,1.46
MCAT Study 9,5/21/2024,2,0,100,0,2,0,1,0,0,0,0,4.26,0:00:59,59,108,1.7774,1,3681,2.2
MCAT Study 10,5/21/2024,2,1,100,0,4,0,4,0,0,0,0,1.56,0:01:01,61,231,3.9306,4,5671,3.21
MCAT Study 11,5/21/2024,3,0,100,0,5,0,0,0,0,0,0,1.75,0:01:40,100,229,6.4189,0,5221,3.45
MCAT Study 12,5/22/2024,1,0,0,0,0,0,0,0,0,0,0,1,0:01:07,67,53,0.9913,0,2413,1.7
MCAT Study 13,5/22/2024,0,0,0,0,0,0,0,0,0,0,0,1.04,0:00:36,36,47,0.4702,0,2506,1.32
MCAT Study 14,5/22/2024,0,0,0,0,0,0,0,0,0,0,0,2.15,0:01:44,104,41,1.1957,0,2602,1.19
MCAT Study 15,5/23/2024,0,0,0,0,0,0,0,0,0,0,0,1.46,0:00:48,48,11,0.1492,0,2332,0.39
MCAT Study 16,5/23/2024,0,0,0,0,0,0,0,0,0,0,0,1.02,0:00:20,20,26,0.1481,0,2340,0.85
MCAT Study 17,5/23/2024,0,0,0,0,0,0,1,0,0,0,0,3.44,0:02:00,120,65,2.1671,1,2889,1.66
MCAT Study 18,5/23/2024,4,0,0,0,0,0,0,0,0,0,0,0.96,0:00:34,34,49,0.4761,0,2510,1.27
MCAT Study 19,5/24/2024,1,0,100,0,2,0,1,0,0,0,0,1.28,0:01:15,75,65,1.3544,1,2723,1.84
MCAT Study 20,5/24/2024,1,0,0,0,0,0,1,0,0,0,0,4.31,0:03:26,206,34,1.9474,1,2756,0.98
MCAT Study 21,5/25/2024,1,2,60,2,3,0,1,0,0,0,0,2.03,0:01:07,67,341,6.3982,1,12062,2.06
MCAT Study 22,5/25/2024,5,3,100,0,8,0,9,0,0,0,0,1.24,0:00:55,55,1517,23.4578,9,40448,2.73
MCAT Study 23,5/25/2024,7,4,94.74,2,36,0,7,0,0,0,0,1.09,0:00:59,59,2028,33.7387,7,46175,3.18
MCAT Study 24,5/25/2024,5,10,100,0,22,0,7,0,0,0,0,1.56,0:01:30,90,1632,41.2117,7,43384,2.73
MCAT Study 25,5/25/2024,2,0,100,0,15,0,2,0,0,0,0,1.23,0:01:34,94,1032,27.0824,2,27055,2.68
MCAT Study 26,5/26/2024,4,2,100,0,22,0,7,0,0,0,0,1.53,0:01:30,90,673,16.8724,7,20441,2.43
MCAT Study 27,5/26/2024,2,0,88.89,1,8,0,3,0,0,0,0,0.71,0:00:44,44,600,7.3485,3,18155,2.51
MCAT Study 28,5/26/2024,1,0,83.33,1,5,0,2,0,0,0,0,1.52,0:01:00,60,380,6.4348,2,15090,2
MCAT Study 29,5/26/2024,5,0,100,0,4,1,7,0,0,0,0,1.71,0:01:06,66,402,7.3839,6,15012,2.02
MCAT Study 30,5/26/2024,2,1,100,0,3,1,1,0,0,0,0,1.41,0:00:53,53,395,5.907,0,15272,2.03
MCAT Study 31,5/26/2024,1,0,100,0,8,0,1,0,0,0,0,1.86,0:01:01,61,396,6.7877,1,15320,1.83
MCAT Study 32,5/27/2024,1,0,100,0,5,0,1,0,0,0,0,1.55,0:01:03,63,359,6.319,1,14588,1.83
MCAT Study 33,5/27/2024,3,1,100,0,8,1,3,0,0,0,0,1.78,0:01:13,73,388,7.9027,2,11099,2.61
MCAT Study 34,5/27/2024,2,0,0,0,0,0,0,0,0,0,0,1.6,0:01:03,63,288,5.0912,0,10183,2.08
MCAT Study 35,5/27/2024,2,0,100,0,8,0,3,0,0,0,0,0.95,0:00:52,52,607,8.8362,3,20777,2.33
MCAT Study 36,5/29/2024,0,0,0,0,0,0,0,0,0,0,0,5.49,0:03:40,220,21,1.2854,0,2504,0.68
MCAT Study 37,5/29/2024,0,0,100,0,1,0,1,0,0,0,0,1.16,0:00:43,43,17,0.2068,1,2457,0.53
MCAT Study 38,5/29/2024,1,0,100,0,2,0,0,0,0,0,0,0.62,0:00:32,32,27,0.2438,0,2530,0.79
MCAT Study 39,5/29/2024,1,0,0,0,0,0,0,0,0,0,0,4.02,0:05:02,302,38,3.1973,0,2595,0.96
MCAT Study 40,5/29/2024,0,0,0,0,0,0,0,0,0,0,0,3.48,0:01:38,98,28,0.7642,0,2650,0.83
MCAT Study 41,5/29/2024,1,0,100,0,2,0,0,0,0,0,0,3.43,0:01:34,94,85,2.2393,0,2885,2.01
MCAT Study 42,5/30/2024,1,0,100,0,1,0,0,0,0,0,0,7.42,0:07:35,455,37,4.6818,0,2772,0.76
MCAT Study 43,5/30/2024,1,0,0,0,0,0,0,0,0,0,0,0.68,0:00:43,43,22,0.2664,0,2758,0.54
MCAT Study 44,5/30/2024,0,0,100,0,1,0,0,0,0,0,0,3.44,0:01:07,67,39,0.7266,0,2873,0.97
MCAT Study 45,5/30/2024,1,0,100,0,3,0,0,0,0,0,0,2.69,0:01:54,114,69,2.2025,0,3059,1.57
MCAT Study 46,5/31/2024,0,0,100,0,2,0,0,0,0,0,0,1.11,0:00:53,53,40,0.5944,0,2968,0.94
MCAT Study 47,5/31/2024,0,0,100,0,1,0,0,0,0,0,0,0.63,0:00:23,23,17,0.1125,0,2945,0.44
MCAT Study 48,5/31/2024,2,0,100,0,2,0,0,0,0,0,0,0.85,0:00:56,56,52,0.8144,0,3174,1.13
MCAT Study 49,5/31/2024,5,0,100,0,8,0,6,0,0,0,0,1.64,0:01:50,110,210,6.4398,6,4672,3.06
MCAT Study 50,6/1/2024,2,0,100,0,1,0,0,0,0,0,0,2.39,0:01:45,105,93,2.7202,0,3556,2
MCAT Study 51,6/1/2024,1,0,100,0,2,0,3,0,0,0,0,2.38,0:01:41,101,139,3.9364,3,3907,2.69
MCAT Study 52,6/2/2024,2,1,100,0,14,1,3,0,0,0,0,2.11,0:01:16,76,579,12.3195,2,15032,2.78
MCAT Study 53,6/2/2024,3,0,100,0,7,0,2,0,0,0,0,3.45,0:02:02,122,176,5.9986,2,5400,2.22
MCAT Study 54,6/2/2024,4,2,100,0,10,0,4,0,0,0,0,5.82,0:01:40,100,283,7.9058,4,8876,2.22
MCAT Study 55,6/4/2024,17,0,93.75,2,30,0,11,0,0,0,0,1.63,0:02:33,153,707,30.0897,11,12339,3.94
MCAT Study 56,6/4/2024,5,0,100,0,9,0,2,0,0,0,0,2.25,0:02:31,151,304,12.8102,2,7597,2.86
MCAT Study 57,6/4/2024,5,0,100,0,2,0,0,0,0,0,0,2.15,0:01:45,105,142,4.1678,0,4213,2.07
MCAT Study 58,6/4/2024,8,0,100,0,26,0,6,0,0,0,0,2.16,0:02:10,130,604,21.8707,6,13744,3.28
MCAT Study 59,6/5/2024,1,0,100,0,4,0,1,0,0,0,0,1.41,0:00:55,55,92,1.4136,1,4022,1.57
MCAT Study 60,6/5/2024,0,0,100,0,3,0,0,0,0,0,0,4.61,0:02:51,171,69,3.2788,0,3650,1.32
MCAT Study 61,6/5/2024,3,0,100,0,5,1,0,0,0,0,0,1.46,0:01:24,84,150,3.5103,-1,5367,2.01
MCAT Study 62,6/6/2024,0,0,100,0,1,0,0,0,0,0,0,2.49,0:02:35,155,96,4.1456,0,3928,1.68
MCAT Study 63,6/6/2024,3,0,100,0,2,0,0,0,0,0,0,2.85,0:01:38,98,169,4.6252,0,4942,2.53
MCAT Study 64,6/7/2024,9,0,92.31,1,12,1,6,0,0,0,0,2.11,0:02:06,126,377,13.2388,5,6916,3.73
MCAT Study 65,6/8/2024,0,0,100,0,6,0,0,0,0,0,0,2.69,0:01:31,91,292,7.4281,0,6523,3.43
MCAT Study 66,6/8/2024,2,0,100,0,2,0,0,0,0,0,0,1.49,0:01:09,69,194,3.7331,0,5613,2.73
MCAT Study 67,6/8/2024,6,0,92.86,1,13,1,3,235,137,1.2258,372,2.76,0:01:35,95,456,12.1407,2,7630,4.06
MCAT Study 68,6/10/2024,3,0,100,0,8,1,3,0,0,0,0,1.16,0:01:47,107,388,11.5447,2,7159,3.99
MCAT Study 69,6/12/2024,5,1,100,0,17,0,3,0,0,0,0,1.36,0:01:47,107,737,22.1052,3,13109,3.87
MCAT Study 70,6/15/2024,2,1,100,0,15,0,13,0,0,0,0,1.35,0:01:25,85,1116,26.5432,13,18267,4.41
MCAT Study 71,6/18/2024,8,0,100,0,7,0,2,0,0,0,0,1.59,0:01:20,80,764,17.1439,2,13041,4.06
MCAT Study 72,6/21/2024,0,0,100,0,7,0,1,0,0,0,0,2.3,0:01:20,80,107,2.4059,1,3792,2.06
MCAT Study 73,6/21/2024,2,1,100,0,7,0,2,0,0,0,0,2.67,0:01:48,108,264,7.9335,2,6114,3.07
MCAT Study 74,6/22/2024,0,0,100,0,3,1,2,0,0,0,0,1.15,0:01:31,91,103,2.6193,1,3390,2.06
MCAT Study 75,6/22/2024,1,0,100,0,2,0,2,0,0,0,0,1.09,0:01:05,65,194,3.52,2,3657,3.61
MCAT Study 76,6/22/2024,0,0,100,0,1,0,3,0,0,0,0,1.25,0:00:55,55,139,2.1304,3,3864,2.82
MCAT Study 77,6/22/2024,0,0,100,0,1,0,0,0,0,0,0,0.93,0:00:45,45,83,1.0478,0,2895,2.11
MCAT Study 78,6/23/2024,3,0,100,0,5,0,1,0,0,0,0,2.86,0:01:43,103,143,4.127,1,4451,2.2
MCAT Study 79,6/24/2024,1,2,100,0,3,0,1,0,0,0,0,1.76,0:01:50,110,280,8.578,1,4429,3.95
MCAT Study 80,7/2/2024,0,0,100,0,2,0,0,0,0,0,0,0.86,0:00:40,40,132,1.491,0,3728,2.58
MCAT Study 81,7/3/2024,2,0,100,0,6,0,2,0,0,0,0,0.82,0:01:31,91,219,5.581,2,5060,3.2
MCAT Study 82,7/4/2024,0,0,0,0,0,0,0,0,0,0,0,0.88,0:00:42,42,75,0.8789,0,3275,1.62
MCAT Study 83,7/4/2024,3,0,100,0,2,1,0,0,0,0,0,20.48,0:20:32,1232,145,49.6581,-1,4252,2.23
MCAT Study 84,7/4/2024,0,1,100,0,1,0,0,0,0,0,0,3.38,0:02:12,132,92,3.3935,0,2734,2.38
MCAT Study 85,7/6/2024,0,0,100,0,2,0,0,0,0,0,0,0.94,0:01:01,61,64,1.099,0,3440,1.4
MCAT Study 86,7/6/2024,0,0,100,0,3,0,1,0,0,0,0,0.71,0:00:48,48,81,1.0939,1,3437,1.57
MCAT Study 87,7/6/2024,0,0,100,0,3,0,0,0,0,0,0,3.71,0:03:15,195,93,5.0574,0,2602,2.54
MCAT Study 88,7/7/2024,1,0,100,0,2,0,0,0,0,0,0,1.72,0:00:49,49,127,1.7543,0,4078,2.11
MCAT Study 89,7/7/2024,0,0,100,0,2,0,0,0,0,0,0,0.91,0:01:09,69,179,3.4608,0,3815,3.46
MCAT Study 90,7/9/2024,0,0,100,0,1,0,0,0,0,0,0,1.33,0:00:50,50,81,1.1426,0,3757,1.25
MCAT Study 91,7/9/2024,0,0,0,0,0,0,0,0,0,0,0,0.79,0:01:37,97,65,1.7601,0,2932,1.57
MCAT Study 92,7/9/2024,0,0,100,0,3,0,0,0,0,0,0,1.51,0:02:05,125,157,5.4704,0,3507,3.28
MCAT Study 93,7/11/2024,2,0,100,0,3,0,2,0,0,0,0,1.69,0:01:28,88,215,5.2877,2,4085,3.79
MCAT Study 94,7/14/2024,0,0,0,0,0,0,0,0,0,0,0,2.28,0:01:44,104,161,4.6553,0,5537,2.09
MCAT Study 95,7/15/2024,0,0,0,0,0,0,0,0,0,0,0,2.18,0:03:41,221,55,3.3884,0,3366,1.13
MCAT Study 96,7/15/2024,1,0,100,0,9,0,2,0,0,0,0,1.68,0:01:30,90,347,8.7138,2,9244,2.63
MCAT Study 97,7/15/2024,1,0,0,0,0,0,3,0,0,0,0,1.19,0:00:53,53,220,3.2637,3,7080,2.3
MCAT Study 98,7/16/2024,3,1,83.33,1,5,0,4,0,0,0,0,1.22,0:02:01,121,345,11.69,4,8042,2.87
MCAT Study 99,7/16/2024,0,0,100,0,3,1,3,0,0,0,0,1.68,0:01:29,89,143,3.5364,2,3524,3.01
MCAT Study 100,7/17/2024,2,0,80,1,4,0,0,0,0,0,0,3.74,0:03:17,197,247,13.532,0,7296,2.34
MCAT Study 101,7/17/2024,2,1,100,0,1,0,0,0,0,0,0,1.83,0:02:09,129,118,4.2307,0,3553,2.22
MCAT Study 102,7/18/2024,0,0,0,0,0,0,0,0,0,0,0,3.86,0:03:28,208,44,2.5473,0,2656,1.24
MCAT Study 103,7/18/2024,1,0,100,0,5,0,1,0,0,0,0,1.74,0:02:13,133,174,6.445,1,5995,2.24
MCAT Study 104,7/18/2024,1,0,100,0,1,0,0,0,0,0,0,1.92,0:02:18,138,180,6.9119,0,5239,2.56
MCAT Study 105,7/18/2024,3,1,100,0,3,1,4,0,0,0,0,2.15,0:01:42,102,448,12.8026,3,6825,4.63
MCAT Study 106,7/24/2024,11,0,100,0,21,0,10,0,0,0,0,3.61,0:02:32,152,730,31.0205,10,12662,4.1
MCAT Study 107,7/25/2024,1,0,100,0,4,0,1,0,0,0,0,0.63,0:01:31,91,274,7.0014,1,6525,2.91
MCAT Study 108,7/25/2024,2,0,100,0,4,0,0,0,0,0,0,1.24,0:01:42,102,292,8.2755,0,7295,2.95
MCAT Study 109,7/26/2024,0,0,100,0,4,0,0,0,0,0,0,2.75,0:02:03,123,202,6.9445,0,6203,2.37
MCAT Study 110,7/27/2024,2,1,80,1,4,0,1,0,0,0,0,0.6,0:02:17,137,376,14.3944,1,8555,3.13
MCAT Study 111,7/29/2024,0,1,0,0,0,0,1,0,0,0,0,0.71,0:00:56,56,85,1.3312,1,3324,1.74
MCAT Study 112,7/29/2024,1,1,100,0,5,0,1,0,0,0,0,2.3,0:01:09,69,235,4.5533,1,7011,2.5
MCAT Study 113,7/29/2024,2,0,100,0,7,0,2,0,0,0,0,0.49,0:01:07,67,368,6.9165,2,8286,3.25
MCAT Study 114,7/30/2024,2,3,100,0,6,0,3,0,0,0,0,1.02,0:01:14,74,590,12.2687,3,12947,3.35
MCAT Study 115,7/31/2024,7,0,100,0,5,0,5,0,0,0,0,0.9,0:01:14,74,512,10.5721,5,12163,3.02
MCAT Study 116,8/2/2024,0,0,100,0,1,0,0,0,0,0,0,0.59,0:01:16,76,155,3.2945,0,4659,2.32
MCAT Study 117,8/2/2024,1,1,100,0,2,0,0,0,0,0,0,2.45,0:00:43,43,175,2.1358,0,3644,3.21
MCAT Study 118,8/2/2024,3,0,100,0,4,0,1,0,0,0,0,2.1,0:01:15,75,111,2.3355,1,2725,2.86
MCAT Study 119,8/2/2024,1,0,0,0,0,0,0,0,0,0,0,1.38,0:01:21,81,110,2.4846,0,2488,2.89
MCAT Study 120,8/4/2024,0,0,66.67,1,2,0,1,0,0,0,0,0.47,0:01:09,69,239,4.6029,1,5475,3.25
MCAT Study 121,8/4/2024,4,0,100,0,10,1,6,0,0,0,0,0.95,0:01:04,64,503,8.9885,5,10191,3.77
MCAT Study 122,8/5/2024,3,5,100,0,14,0,12,0,0,0,0,0.75,0:00:44,44,1746,21.6847,12,45348,2.76
MCAT Study 123,8/5/2024,4,0,87.5,3,21,0,8,0,0,0,0,0.51,0:00:47,47,2140,28.2785,8,56947,2.61
MCAT Study 124,8/5/2024,0,0,100,0,1,0,0,0,0,0,0,1.03,0:01:06,66,54,0.9936,0,2619,1.18
MCAT Study 125,8/5/2024,1,0,100,0,5,0,3,0,0,0,0,2.19,0:03:00,180,503,25.2732,3,8409,4.42
MCAT Study 126,8/6/2024,4,3,97.78,1,44,1,14,0,0,0,0,0.48,0:01:11,71,2256,44.6746,13,58291,2.82
MCAT Study 127,8/7/2024,2,3,91.89,3,34,0,20,0,0,0,0,0.73,0:01:27,87,2305,56.3284,20,51475,3.16
MCAT Study 128,8/7/2024,3,1,96.55,1,28,1,16,0,0,0,0,0.85,0:00:59,59,2115,35.1028,15,52921,3.13
MCAT Study 129,8/8/2024,0,0,100,0,1,0,0,0,0,0,0,1.59,0:02:38,158,60,2.6399,0,3253,1.29
MCAT Study 130,8/8/2024,2,1,100,0,4,0,2,0,0,0,0,0.74,0:01:23,83,459,10.6085,2,7125,4.41
MCAT Study 131,8/10/2024,0,0,100,0,1,0,0,0,0,0,0,5.42,0:08:21,501,67,9.3347,0,2131,1.92
MCAT Study 132,8/10/2024,0,0,0,0,0,0,0,0,0,0,0,2,0:02:02,122,56,1.9059,0,2241,1.96
MCAT Study 133,8/10/2024,0,0,0,0,0,0,0,0,0,0,0,0.58,0:00:32,32,49,0.4454,0,2254,1.64
MCAT Study 134,8/10/2024,0,0,100,0,1,0,0,0,0,0,0,4.18,0:04:14,254,35,2.4731,0,2258,1.02
MCAT Study 135,8/10/2024,0,0,0,0,0,0,0,0,0,0,0,0.58,0:00:24,24,65,0.4361,0,2416,1.78
MCAT Study 136,8/10/2024,0,0,0,0,0,0,1,0,0,0,0,1.98,0:01:51,111,39,1.2115,1,2660,0.94
MCAT Study 137,8/10/2024,1,0,0,0,0,0,0,0,0,0,0,0.53,0:01:24,84,78,1.8383,0,3016,1.96
MCAT Study 138,8/10/2024,3,0,50,1,1,0,0,0,0,0,0,0.72,0:01:27,87,189,4.5991,0,3798,3.55
MCAT Study 139,8/12/2024,0,0,0,0,0,0,0,0,0,0,0,0.39,0:00:42,42,77,0.9163,0,3026,1.62
MCAT Study 140,8/12/2024,2,0,100,0,15,0,8,0,0,0,0,0.35,0:01:30,90,760,19.0888,8,12992,4.19
MCAT Study 141,8/14/2024,2,0,100,0,15,0,8,0,0,0,0,0.35,0:01:30,90,760,19.0888,8,12992,4.19
MCAT Study 142,8/14/2024,1,0,0,0,0,0,0,0,0,0,0,1.14,0:01:12,72,141,2.8382,0,4079,2.45
MCAT Study 143,8/14/2024,0,0,0,0,0,0,0,0,0,0,0,0.9,0:00:34,34,84,0.8139,0,4746,1.31
MCAT Study 144,8/14/2024,0,0,100,0,1,1,0,0,0,0,0,2.54,0:02:45,165,90,4.1321,-1,5526,1.01
MCAT Study 145,8/14/2024,0,1,100,0,3,0,0,0,0,0,0,1.44,0:02:24,144,276,11.0677,0,6763,2.78
MCAT Study 146,8/15/2024,8,1,92.31,1,12,2,5,0,0,0,0,1.16,0:02:37,157,1213,52.9938,3,9141,8.77
MCAT FL1 Score Reaction,6/3/2024,42,8,98.63,1,72,1,33,0,0,0,0,10.81,0:01:33,93,3832,99.0845,32,31337,8.69
MCAT FL2 Score Reaction,7/21/2024,16,2,95.65,1,22,3,8,0,0,0,0,11.15,0:01:19,79,1840,40.5022,5,16408,7.9
MCAT FL3 Score Reaction,8/12/2024,8,2,96.77,1,30,0,9,0,0,0,0,8.15,0:01:20,80,1727,38.4428,9,13273,9.07
MCAT Exam Day Reaction,9/24/2024,1,0,80,1,4,0,0,0,0,0,0,3.54,0:01:56,116,587,19.0477,0,5512,7.22
MCAT Score Reaction,9/24/2024,11,3,97.22,1,35,1,4,0,0,0,0,5.88,0:02:04,124,2350,81.162,3,12975,12.67